``` sql
EXPLAIN(EXPRS,NOEXPAND,NOOPTIMIZE,METADATA) 
select * from (
        select * from t1 where t1.id is not null
    ) as r 
    inner join (
        select * from t1 where t1.id is not null
    ) as j 
    on r.id = j.id;

+-------+--------+----------+----------------+--------------------------+----------+
| Level |  Type  |  Field   |  Description   |         Columns          | Ordering |
+-------+--------+----------+----------------+--------------------------+----------+
|     0 | render |          |                | (id, num, id, num)       |          |
|     0 |        | render 0 | id             |                          |          |
|     0 |        | render 1 | num            |                          |          |
|     0 |        | render 2 | id             |                          |          |
|     0 |        | render 3 | num            |                          |          |
|     1 | join   |          |                | (id, num, id, num)       |          |
|     1 |        | type     | inner          |                          |          |
|     1 |        | pred     | r.id = j.id    |                          |          |
|     2 | render |          |                | (id, num)                |          |
|     2 |        | render 0 | id             |                          |          |
|     2 |        | render 1 | num            |                          |          |
|     3 | filter |          |                | (id, num, rowid[hidden]) |          |
|     3 |        | filter   | id IS NOT NULL |                          |          |
|     4 | scan   |          |                | (id, num, rowid[hidden]) |          |
|     4 |        | table    | t1@primary     |                          |          |
|     2 | render |          |                | (id, num)                |          |
|     2 |        | render 0 | id             |                          |          |
|     2 |        | render 1 | num            |                          |          |
|     3 | filter |          |                | (id, num, rowid[hidden]) |          |
|     3 |        | filter   | id IS NOT NULL |                          |          |
|     4 | scan   |          |                | (id, num, rowid[hidden]) |          |
|     4 |        | table    | t1@primary     |                          |          |
+-------+--------+----------+----------------+--------------------------+----------+
(22 rows)


EXPLAIN(EXPRS,NOEXPAND,NOOPTIMIZE,METADATA) 
select * from (
        select * from t1
    ) as r 
    inner join (
        select * from t1
    ) as j 
    on r.id = j.id;
+-------+--------+----------+-------------+--------------------------+----------+
| Level |  Type  |  Field   | Description |         Columns          | Ordering |
+-------+--------+----------+-------------+--------------------------+----------+
|     0 | render |          |             | (id, num, id, num)       |          |
|     0 |        | render 0 | id          |                          |          |
|     0 |        | render 1 | num         |                          |          |
|     0 |        | render 2 | id          |                          |          |
|     0 |        | render 3 | num         |                          |          |
|     1 | join   |          |             | (id, num, id, num)       |          |
|     1 |        | type     | inner       |                          |          |
|     1 |        | pred     | r.id = j.id |                          |          |
|     2 | render |          |             | (id, num)                |          |
|     2 |        | render 0 | id          |                          |          |
|     2 |        | render 1 | num         |                          |          |
|     3 | scan   |          |             | (id, num, rowid[hidden]) |          |
|     3 |        | table    | t1@primary  |                          |          |
|     2 | render |          |             | (id, num)                |          |
|     2 |        | render 0 | id          |                          |          |
|     2 |        | render 1 | num         |                          |          |
|     3 | scan   |          |             | (id, num, rowid[hidden]) |          |
|     3 |        | table    | t1@primary  |                          |          |
+-------+--------+----------+-------------+--------------------------+----------+
(18 rows)
```
```sql
root@localhost:26257/test> EXPLAIN(EXPRS,METADATA) 
select * from 
(select * from t1 where t1.id is not null) as r 
inner join 
(select * from t1 where t1.id is not null) as j 
on r.id = j.id;
+-------+--------+----------+----------------+----------------------------------+-----------------------------------+
| Level |  Type  |  Field   |  Description   |             Columns              |             Ordering              |
+-------+--------+----------+----------------+----------------------------------+-----------------------------------+
|     0 | join   |          |                | (id, num, id, num)               |                                   |
|     0 |        | type     | inner          |                                  |                                   |
|     0 |        | equality | (id) = (id)    |                                  |                                   |
|     1 | render |          |                | (id, num)                        | id!=NULL                          |
|     1 |        | render 0 | id             |                                  |                                   |
|     1 |        | render 1 | num            |                                  |                                   |
|     2 | scan   |          |                | (id, num, rowid[hidden,omitted]) | id!=NULL; rowid!=NULL; key(rowid) |
|     2 |        | table    | t1@primary     |                                  |                                   |
|     2 |        | spans    | ALL            |                                  |                                   |
|     2 |        | filter   | id IS NOT NULL |                                  |                                   |
|     1 | render |          |                | (id, num)                        | id!=NULL                          |
|     1 |        | render 0 | id             |                                  |                                   |
|     1 |        | render 1 | num            |                                  |                                   |
|     2 | scan   |          |                | (id, num, rowid[hidden,omitted]) | id!=NULL; rowid!=NULL; key(rowid) |
|     2 |        | table    | t1@primary     |                                  |                                   |
|     2 |        | spans    | ALL            |                                  |                                   |
|     2 |        | filter   | id IS NOT NULL |                                  |                                   |
+-------+--------+----------+----------------+----------------------------------+-----------------------------------+
(17 rows)

Time: 4.084ms

root@localhost:26257/test> EXPLAIN(EXPRS,METADATA) 
select * from 
(select * from t1) as r 
inner join 
(select * from t1) as j 
on r.id = j.id;
+-------+--------+----------+-------------+----------------------------------+-------------------------+
| Level |  Type  |  Field   | Description |             Columns              |        Ordering         |
+-------+--------+----------+-------------+----------------------------------+-------------------------+
|     0 | join   |          |             | (id, num, id, num)               |                         |
|     0 |        | type     | inner       |                                  |                         |
|     0 |        | equality | (id) = (id) |                                  |                         |
|     1 | render |          |             | (id, num)                        |                         |
|     1 |        | render 0 | id          |                                  |                         |
|     1 |        | render 1 | num         |                                  |                         |
|     2 | scan   |          |             | (id, num, rowid[hidden,omitted]) | rowid!=NULL; key(rowid) |
|     2 |        | table    | t1@primary  |                                  |                         |
|     2 |        | spans    | ALL         |                                  |                         |
|     1 | render |          |             | (id, num)                        |                         |
|     1 |        | render 0 | id          |                                  |                         |
|     1 |        | render 1 | num         |                                  |                         |
|     2 | scan   |          |             | (id, num, rowid[hidden,omitted]) | rowid!=NULL; key(rowid) |
|     2 |        | table    | t1@primary  |                                  |                         |
|     2 |        | spans    | ALL         |                                  |                         |
+-------+--------+----------+-------------+----------------------------------+-------------------------+
(15 rows)

Time: 4.175ms
```